<?xml version="1.0" encoding="UTF-8"?>
<beans default-lazy-init="true"

	xmlns="http://www.springframework.org/schema/beans"
	xmlns:xsi="http://www.w3.org/2001/XMLSchema-instance"
	xmlns:context="http://www.springframework.org/schema/context"
	xsi:schemaLocation="http://www.springframework.org/schema/beans http://www.springframework.org/schema/beans/spring-beans-4.3.xsd
		http://www.springframework.org/schema/context http://www.springframework.org/schema/context/spring-context-4.3.xsd">

	<bean id="emp" class="org.cap.model.Employee">
		<!-- init-method="setUp" destroy-method="destroy_method" > -->

		<constructor-arg name="employeeId" value="1234" />
		<constructor-arg name="employeeName" value="Kamal" />
		<constructor-arg name="salary" value="23000" />


		<!-- <constructor-arg name="address" ref="myaddress"/> -->

		<!-- <property name="employeeId" value="1001"/> <property name="employeeName" 
			value="Tom"/> <property name="salary" value="23000"/> -->
		<!-- setter based injection <property name="address" ref="myaddress"/> -->

	</bean>

	<bean id="address123" class="org.cap.model.Address">
		<property name="stName" value="North Avvenue" />
		<property name="city" value="Chennai" />
	</bean>


	<bean id="address" class="org.cap.model.Address">
		<property name="stName" value="South Avvenue" />
		<property name="city" value="Hyderabad" />
	</bean>

</beans>
